code,  path,  flags


fr,   europe/france,

hu, europe/hungary,
gr, europe/greece,
pt, europe/portugal,

ch, europe/switzerland,

tr, europe/turkey,

is,   europe/iceland,
sco,  europe/scotland,
ie,  europe/ireland,

fi,  europe/finland,
se,  europe/sweden,
no,  europe/norway,
dk,  europe/denmark,

lu,  europe/luxembourg,
be,  europe/belgium,
nl,  europe/netherlands,
cz,  europe/czech-republic,

sk,   europe/slovakia,
hr,  europe/croatia,
pl,   europe/poland,

ro,  europe/romania,

ua,  europe/ukraine,

ru,  europe/russia,


al,  europe/albania,
ad,  europe/andorra,
by,  europe/belarus,
ba,  europe/bosnia-herzegovina,      ## use bosnia-n-herzegovina ??
bg,  europe/bulgaria,
cy,  europe/cyprus,
ee,  europe/estonia,
lv,  europe/latvia,
li,  europe/liechtenstein,
lt,  europe/lithuania,
mk,  europe/north-macedonia,
mt,  europe/malta,
md,  europe/moldova,
me,  europe/montenegro,

sm,  europe/san-marino,
rs,  europe/serbia,
si,  europe/slovenia,


##  todo/fix - use  xk|kos !!!
xk,  europe/kosovo,
kos, europe/kosovo,

am,  europe/armenia,
az,  europe/azerbaijan,
ge,  europe/georgia,
fo,  europe/faroe-islands,
gi,  europe/gibraltar,

wal, europe/wales,
nir, europe/northern-ireland,
